Name,Categories,Description,Short Description,SKU,Type,Parent,Regular price,Tax status,Tax class,In stock?,Stock,Photo color accent,Images,Note,Visual and packaging notes,Weight (kg),Shipping class
Red Bali,Red Vein Kratom,"<p><strong>'Red Bali Kratom Powder' Product Details (Q&amp;A)</strong></p>
<ul>
  <li>
    <p><strong>Q: What is Red Bali?</strong><br />
    <strong>A:</strong> Red Bali is a widely recognized kratom powder name in the botanical marketplace, generally referring to a “red vein” profile made from mature Mitragyna speciosa leaves and specific drying/curing methods that influence color and consistency.</p>
  </li>
  <li>
    <p><strong>Q: How are the strains sourced?</strong><br />
    <strong>A:</strong> Lots are sourced through regional farming and collection networks that focus on mature-leaf selection, careful handling, and batch traceability. Harvests are grouped by season and processing style to keep each batch consistent in appearance and alkaloid makeup.</p>
  </li>
  <li>
    <p><strong>Q: Where is it grown?</strong><br />
    <strong>A:</strong> Although “Bali” is a trade name, Red Bali is commonly associated with Indonesia’s equatorial growing regions, frequently linked with humid, fertile areas in <strong>Kalimantan (Borneo)</strong> and <strong>Sumatra</strong>, where rainfall and warmth support strong evergreen leaf development.</p>
  </li>
  <li>
    <p><strong>Q: What makes this strain unique?</strong><br />
    <strong>A:</strong> Red Bali is valued for its signature deep, earthy appearance and a typically robust alkaloid spectrum derived from <strong>mature leaf harvesting</strong> plus controlled post-harvest curing. (No therapeutic or medical claims are made.)</p>
  </li>
  <li>
    <p><strong>Q: How long does it take to cultivate Thai kratom trees?</strong><br />
    <strong>A:</strong> Under suitable tropical conditions, Mitragyna speciosa commonly needs about <strong>3 years</strong> of cultivation before dependable, repeatable harvesting is practical, with some growers citing closer to <strong>3–4 years</strong> for consistent harvest size.</p>
  </li>
  <li>
    <p><strong>Q: What is the after-harvesting process?</strong><br />
    <strong>A:</strong> Leaves are collected and inspected, then cleaned and dried under controlled conditions. Depending on the batch style, a curing step may be used to stabilize color and moisture before milling. The dried leaf is then ground, sifted, and prepared for final quality checks.</p>
  </li>
  <li>
    <p><strong>Q: How long does it take to cultivate Thai kratom trees?</strong><br />
    <strong>A:</strong> As a practical benchmark, expect roughly <strong>3 years</strong> to reach a reliable first harvest window, with ongoing harvests supported by continued tree care, pruning, and seasonal growing cycles.</p>
  </li>
  <li>
    <p><strong>Q: What is the microgrinding process?</strong><br />
    <strong>A:</strong> Dried leaf is milled in stages and microground to a fine, uniform powder for improved consistency, smoother texture, and more even batch blending.</p>
  </li>
  <li>
    <p><strong>Q: What is contaminant filtration?</strong><br />
    <strong>A:</strong> The powder goes through a thorough, <strong>supervisor-led contaminant filtration</strong> process designed to remove unwanted foreign material and ensure a clean, uniform final product.</p>
  </li>
  <li>
    <p><strong>Q: Is heavy metals testing performed?</strong><br />
    <strong>A:</strong> Yes. Each production batch goes through a thorough <strong>heavy metals testing</strong> stage as part of quality verification prior to release.</p>
  </li>
  <li>
    <p><strong>Q: Is microbial testing performed?</strong><br />
    <strong>A:</strong> Yes. Each production batch goes through a thorough <strong>microbial testing</strong> stage to verify it meets internal quality standards.</p>
  </li>
  <li>
    <p><strong>Q: Is this product intended for human consumption?</strong><br />
    <strong>A:</strong> <strong>No.</strong> This product is <strong>not intended for human consumption</strong>. It is sold for botanical reference, educational, or research purposes only. Keep out of reach of children and pets.</p>
  </li>
</ul>
<br />
<p><em>Note:</em> Descriptions focus on sourcing, processing, and quality controls only, and do not make medical or therapeutic claims.</p>
","<p><strong>Red Bali</strong> is a classic “red vein” kratom powder name used in the global botanical trade, commonly sourced from mature Mitragyna speciosa leaves cultivated in Indonesia’s humid equatorial growing zones (often associated with regions like Borneo/Kalimantan and Sumatra).<br /><br />
Our Red Bali lots are collected from established trees grown in warm, wet lowland conditions, then selectively harvested, cleaned, and carefully dried to preserve a consistent alkaloid spectrum. What makes Red Bali unique is its reputation for deep, earthy color and a robust, steady alkaloid profile derived from mature leaf selection and controlled post-harvest curing. Kratom trees typically require about <strong>3 years</strong> of cultivation before dependable harvesting begins.<br /><br />
Each batch is microground for uniform fineness, passed through supervisor-led contaminant filtration, and verified through heavy metals and microbial testing. <strong>Not intended for human consumption.</strong></p>
",RB,variable,RB,,taxable,,1,,warm tan-brown #A07848 — Visually verified: powder is warm golden-tan with slight green-brown undertone — NOT brick red. Red refers to leaf vein color only.,"https://leilaorganics.com/wp-content/uploads/2025/09/Comfort-Balm-Organic-Lip-Balm-by-Leila-Organics.png, https://leilaorganics.com/wp-content/uploads/2025/09/Lip-Balm-Closed-Cover.png, https://leilaorganics.com/wp-content/uploads/2025/09/Lip-Balm-Open-Cover.png",Configurable lip balm,,0.015,Regular
Red Bali<span> - </span>25g,Red Vein Kratom,,,RB25,variation,RB,,taxable,parent,1,,,,,,,
Red Bali<span> - </span>50g,Red Vein Kratom,,,RB50,variation,RB,,taxable,parent,1,,,,,,,
Red Bali<span> - </span>100g,Red Vein Kratom,,,RB100,variation,RB,,taxable,parent,1,,,,,,,
Red Bali<span> - </span>250g,Red Vein Kratom,,,RB250,variation,RB,,taxable,parent,1,,,,,,,
Red Bali<span> - </span>500g,Red Vein Kratom,,,RB500,variation,RB,,taxable,parent,1,,,,,,,
Red Maeng Da,Red Vein Kratom,"<p><strong>'Red Maeng Da Kratom Powder' Product Details (Q&amp;A)</strong></p>
<ul>
  <li>
    <p><strong>Q: What is Red Maeng Da?</strong><br />
    <strong>A:</strong> Red Maeng Da is a popular kratom powder name in the botanical marketplace. “Maeng Da” is commonly described as a Thai trade term associated with higher-grade leaf selection, and “Red” refers to a red-vein style profile shaped by leaf maturity and drying/curing choices.</p>
  </li>

  <li>
    <p><strong>Q: How are the strains sourced?</strong><br />
    <strong>A:</strong> Lots are sourced through regional farms and collector networks that emphasize mature-leaf picking, clean handling, and batch separation. Harvests are grouped by season and processing method to support consistent color, texture, and alkaloid profile from batch to batch.</p>
  </li>

  <li>
    <p><strong>Q: Where is it grown?</strong><br />
    <strong>A:</strong> While the naming has Thai roots, most large-scale Red Maeng Da supply is commonly sourced from Indonesia, especially the humid equatorial ecosystems of <strong>Borneo (Kalimantan)</strong> and <strong>Sumatra</strong>, where steady warmth and rainfall support vigorous evergreen leaf growth.</p>
  </li>

  <li>
    <p><strong>Q: What makes this strain unique?</strong><br />
    <strong>A:</strong> Red Maeng Da is often associated with a more “premium-grade” approach to selection and processing, typically aiming for a <strong>more concentrated and consistent alkaloid spectrum</strong> through mature-leaf grading and controlled drying/curing. (No therapeutic or medical claims are made.)</p>
  </li>

  <li>
    <p><strong>Q: How long does it take to cultivate Thai kratom trees?</strong><br />
    <strong>A:</strong> A common cultivation benchmark is about <strong>3–5 years</strong> for kratom trees (Mitragyna speciosa) to reach dependable maturity for consistent harvesting, depending on climate, soil, and care.</p>
  </li>

  <li>
    <p><strong>Q: What is the after-harvesting process?</strong><br />
    <strong>A:</strong> Leaves are collected and inspected, then cleaned and dried under controlled conditions. Some batches include additional curing steps to stabilize moisture and appearance before milling. Dried material is then ground, sifted, and prepared for final quality checks.</p>
  </li>

  <li>
    <p><strong>Q: How long does it take to cultivate Thai kratom trees?</strong><br />
    <strong>A:</strong> In practical production terms, growers often plan on roughly <strong>3–5 years</strong> before trees reach a stable harvest rhythm, with ongoing care and seasonal cycles influencing leaf yield and consistency.</p>
  </li>

  <li>
    <p><strong>Q: Microgrinding Process</strong><br />
    <strong>A:</strong> After primary milling, the dried leaf material is <strong>microground</strong> to achieve a fine, uniform powder, supporting smoother texture and more consistent blending across the batch.</p>
  </li>

  <li>
    <p><strong>Q: Contaminant Filtration</strong><br />
    <strong>A:</strong> The finished powder goes through a thorough, <strong>supervisor-led contaminant filtration</strong> process intended to remove unwanted foreign material and help ensure a clean, uniform final output.</p>
  </li>

  <li>
    <p><strong>Q: Heavy Metals Testing</strong><br />
    <strong>A:</strong> Each batch goes through a thorough <strong>heavy metals testing</strong> stage as part of quality verification prior to release.</p>
  </li>

  <li>
    <p><strong>Q: Microbial Testing</strong><br />
    <strong>A:</strong> Each batch goes through a thorough <strong>microbial testing</strong> stage to verify it meets internal quality standards.</p>
  </li>

  <li>
    <p><strong>Q: Is the product intended for human consumption?</strong><br />
    <strong>A:</strong> <strong>No.</strong> This product is <strong>not intended for human consumption</strong>. It is sold for botanical reference, educational, or research purposes only. Keep out of reach of children and pets.</p>
  </li>
</ul>
<br />
<p><em>Note:</em> This description focuses on sourcing, cultivation timelines, processing, and quality controls only, and does not make medical or therapeutic claims.</p>
","<p><strong>Red Maeng Da</strong> is a well-known “red vein” kratom powder name used in the botanical trade, traditionally linked to Thai-origin naming while most modern large-scale supply is sourced from Indonesia’s equatorial growing regions, especially Borneo (Kalimantan) and Sumatra.<br /><br />
Our Red Maeng Da lots are sourced through established farm and collector networks that prioritize mature-leaf selection, careful drying, and consistent batch handling. What makes this variety unique is its reputation for a more concentrated, tightly controlled alkaloid spectrum, driven by selective leaf grading and disciplined post-harvest processing (without any medical or therapeutic claims). Kratom trees typically require about <strong>3–5 years</strong> of cultivation before reliable, repeatable harvesting is practical.<br /><br />
After harvest, leaves are inspected, cleaned, dried, and milled, then microground to a uniform powder. Each batch goes through supervisor-led contaminant filtration plus heavy metals and microbial testing. <strong>Not intended for human consumption.</strong></p>
",RMD,variable,RMD,,taxable,,1,,slightly deeper tan-brown #8C6840 — Visually verified: marginally darker/richer than Red Bali but same warm tan-brown family — NOT dark burgundy.,,Uses the more expensive Damascus rose oil,,0.23,Regular
Red Maeng Da - 25g,Red Vein Kratom,,,RMD25,variation,RMD,,taxable,parent,1,,,,,,,
Red Maeng Da - 50g,Red Vein Kratom,,,RMD50,variation,RMD,,taxable,parent,1,,,,,,,
Red Maeng Da - 100g,Red Vein Kratom,,,RMD100,variation,RMD,,taxable,parent,1,,,,,,,
Red Maeng Da - 250g,Red Vein Kratom,,,RMD250,variation,RMD,,taxable,parent,1,,,,,,,
Red Maeng Da - 500g,Red Vein Kratom,,,RMD500,variation,RMD,,taxable,parent,1,,,,,,,
Red Hulu / Red Kapuas,Red Vein Kratom,"<p><strong>'Red Hulu / Red Kapuas Kratom Powder' Product Details (Q&amp;A)</strong></p>
<ul>
  <li>
    <p><strong>Q: What is Red Hulu / Red Kapuas?</strong><br />
    <strong>A:</strong> Red Hulu / Red Kapuas is a kratom powder name associated with the Kapuas River region in Indonesian Borneo. “Hulu” commonly refers to the <strong>upstream</strong> area, and “Red” refers to a red-vein style profile shaped by leaf maturity and post-harvest drying/curing choices.</p>
  </li>

  <li>
    <p><strong>Q: How are the strains sourced?</strong><br />
    <strong>A:</strong> Lots are sourced through regional farms and collector networks that prioritize mature-leaf selection, clean handling, and batch traceability. Harvests are separated by season and processing style to support consistent color, texture, and alkaloid spectrum from batch to batch.</p>
  </li>

  <li>
    <p><strong>Q: Where is it grown?</strong><br />
    <strong>A:</strong> This variety is commonly linked to <strong>Kapuas Hulu</strong> in <strong>West Kalimantan</strong> (Indonesian Borneo), around the upper drainage of the <strong>Kapuas River</strong>. The area is characterized by tropical rainforest conditions with high humidity, frequent rainfall, and river-fed landscapes that support vigorous evergreen growth.</p>
  </li>

  <li>
    <p><strong>Q: What makes this strain unique?</strong><br />
    <strong>A:</strong> Its uniqueness comes from <strong>upstream Kapuas-region sourcing</strong> and a processing approach that aims to preserve a deep, earthy appearance and a robust, steady <strong>alkaloid profile</strong> through mature-leaf selection and controlled drying/curing. (No therapeutic or medical claims are made.)</p>
  </li>

  <li>
    <p><strong>Q: How long does it take to cultivate Thai kratom trees?</strong><br />
    <strong>A:</strong> Mitragyna speciosa commonly requires about <strong>2–3 years</strong> before producing leaves suitable for initial harvesting, while many growers consider <strong>3–5 years</strong> a more dependable window for consistent, repeatable harvest cycles (conditions and care can shift timelines).</p>
  </li>

  <li>
    <p><strong>Q: What is the after-harvesting process?</strong><br />
    <strong>A:</strong> Leaves are collected and inspected, then cleaned and dried under controlled conditions. Depending on the batch style, a curing step may be used to stabilize moisture and color. The dried leaf material is then milled, sifted, and prepared for final quality verification.</p>
  </li>

  <li>
    <p><strong>Q: How long does it take to cultivate Thai kratom trees?</strong><br />
    <strong>A:</strong> As a practical benchmark, expect roughly <strong>3–5 years</strong> for trees to reach a stable harvest rhythm in suitable tropical conditions, supported by ongoing care and seasonal growth cycles.</p>
  </li>

  <li>
    <p><strong>Q: Microgrinding Process</strong><br />
    <strong>A:</strong> After primary milling, the dried leaf material is <strong>microground</strong> to a fine, uniform powder for consistent texture and more even batch blending.</p>
  </li>

  <li>
    <p><strong>Q: Contaminant Filtration</strong><br />
    <strong>A:</strong> The finished powder goes through a thorough, <strong>supervisor-led contaminant filtration</strong> process intended to remove unwanted foreign material and help ensure a clean, uniform final output.</p>
  </li>

  <li>
    <p><strong>Q: Heavy Metals Testing</strong><br />
    <strong>A:</strong> Each batch goes through a thorough <strong>heavy metals testing</strong> stage as part of quality verification prior to release.</p>
  </li>

  <li>
    <p><strong>Q: Microbial Testing</strong><br />
    <strong>A:</strong> Each batch goes through a thorough <strong>microbial testing</strong> stage to verify it meets internal quality standards.</p>
  </li>

  <li>
    <p><strong>Q: Is the product intended for human consumption?</strong><br />
    <strong>A:</strong> <strong>No.</strong> This product is <strong>not intended for human consumption</strong>. It is sold for botanical reference, educational, or research purposes only. Keep out of reach of children and pets.</p>
  </li>
</ul>
<br />
<p><em>Note:</em> This description focuses on origin, cultivation timelines, processing, and quality controls only, and does not make medical or therapeutic claims.</p>
","<p><strong>Red Hulu / Red Kapuas</strong> is a regional “red vein” kratom powder name tied to the <strong>Kapuas River basin</strong>, especially the upstream <strong>Kapuas Hulu</strong> area in West Kalimantan (Indonesian Borneo). This rainforest river region is known for dense canopy cover, consistent humidity, and fertile floodplain soils that support strong evergreen leaf growth.<br /><br />
Our Red Hulu / Red Kapuas batches are sourced through established farm-and-collector networks that focus on mature-leaf selection, clean handling, and lot separation for consistent appearance and alkaloid spectrum. What makes it unique is its origin story, remote upstream sourcing, paired with careful drying/curing that helps preserve a rich, earthy color and a robust, steady botanical profile (no therapeutic or medical claims). Kratom trees typically need <strong>2–3 years</strong> before initial harvestable leaves, and often <strong>3–5 years</strong> for reliable, repeatable harvesting.<br /><br />
After harvest, leaves are inspected, cleaned, dried, milled, and <strong>microground</strong> for uniform fineness. Every batch goes through supervisor-led contaminant filtration plus heavy metals and microbial testing. <strong>Not intended for human consumption.</strong></p>
",RH,variable,RH,,taxable,,1,,"warm khaki-tan #A07845 — Visually verified: nearly identical to Red Bali — warm khaki-tan, NOT earthy red-brown.",,,,0.23,Regular
Red Hulu / Red Kapuas - 25g,Red Vein Kratom,,,RH25,variation,RH,,taxable,parent,1,,,,,,,
Red Hulu / Red Kapuas - 50g,Red Vein Kratom,,,RH50,variation,RH,,taxable,parent,1,,,,,,,
Red Hulu / Red Kapuas - 100g,Red Vein Kratom,,,RH100,variation,RH,,taxable,parent,1,,,,,,,
Red Hulu / Red Kapuas - 250g,Red Vein Kratom,,,RH250,variation,RH,,taxable,parent,1,,,,,,,
Red Hulu / Red Kapuas - 500g,Red Vein Kratom,,,RH500,variation,RH,,taxable,parent,1,,,,,,,
Green Maeng Da,Green Vein Kratom,"<p><strong>'Green Maeng Da Kratom Powder' Product Details (Q&amp;A)</strong></p>
<ul>
  <li>
    <p><strong>Q: What is Green Maeng Da?</strong><br />
    <strong>A:</strong> Green Maeng Da is a kratom powder name used in the botanical marketplace. “Green” refers to a green-vein style profile influenced by leaf maturity and drying approach, while “Maeng Da” is commonly described as a Thai-origin trade term associated with premium-style selection and consistent batching.</p>
  </li>

  <li>
    <p><strong>Q: How are the strains sourced?</strong><br />
    <strong>A:</strong> Lots are sourced through established farm and collector networks that prioritize mature-leaf picking, clean handling, and batch separation. Harvests are kept distinct by season and processing style to support consistent color, grind texture, and alkaloid-spectrum uniformity.</p>
  </li>

  <li>
    <p><strong>Q: Where is it grown?</strong><br />
    <strong>A:</strong> While the naming has Thai roots, most large-scale supply is commonly sourced from Indonesia, especially humid equatorial regions such as <strong>Kalimantan (Indonesian Borneo)</strong> and <strong>Sumatra</strong>, where warmth, rainfall, and fertile soils support vigorous evergreen growth.</p>
  </li>

  <li>
    <p><strong>Q: What makes this strain unique?</strong><br />
    <strong>A:</strong> Green Maeng Da is typically positioned as a “high-grade selection” style built around mature-leaf sorting and controlled post-harvest handling to target a <strong>more consistent alkaloid spectrum</strong> and a clean, green-forward appearance. (No therapeutic or medical claims are made.)</p>
  </li>

  <li>
    <p><strong>Q: How long does it take to cultivate Thai kratom trees?</strong><br />
    <strong>A:</strong> A common cultivation benchmark for Mitragyna speciosa is about <strong>3–5 years</strong> to reach dependable maturity for consistent harvesting, with timelines varying by climate, soil, and care.</p>
  </li>

  <li>
    <p><strong>Q: What is the after-harvesting process?</strong><br />
    <strong>A:</strong> Leaves are collected and inspected, then cleaned and dried under controlled conditions. For green-style batches, producers often emphasize <strong>shade or indoor, airflow-assisted drying</strong> to help maintain greener color and stable moisture. The dried leaf is then milled, sifted, and prepared for final quality verification.</p>
  </li>

  <li>
    <p><strong>Q: How long does it take to cultivate Thai kratom trees?</strong><br />
    <strong>A:</strong> In practical production terms, many growers plan on roughly <strong>3–5 years</strong> before trees reach a stable harvest rhythm, supported by ongoing care and seasonal growth cycles.</p>
  </li>

  <li>
    <p><strong>Q: Microgrinding Process</strong><br />
    <strong>A:</strong> After primary milling, the dried leaf material is <strong>microground</strong> to a fine, uniform powder for consistent texture and more even batch blending.</p>
  </li>

  <li>
    <p><strong>Q: Contaminant Filtration</strong><br />
    <strong>A:</strong> The finished powder goes through a thorough, <strong>supervisor-led contaminant filtration</strong> process intended to remove unwanted foreign material and help ensure a clean, uniform final output.</p>
  </li>

  <li>
    <p><strong>Q: Heavy Metals Testing</strong><br />
    <strong>A:</strong> Each batch goes through a thorough <strong>heavy metals testing</strong> stage as part of quality verification prior to release.</p>
  </li>

  <li>
    <p><strong>Q: Microbial Testing</strong><br />
    <strong>A:</strong> Each batch goes through a thorough <strong>microbial testing</strong> stage to verify it meets internal quality standards.</p>
  </li>

  <li>
    <p><strong>Q: Is the product intended for human consumption?</strong><br />
    <strong>A:</strong> <strong>No.</strong> This product is <strong>not intended for human consumption</strong>. It is sold for botanical reference, educational, or research purposes only. Keep out of reach of children and pets.</p>
  </li>
</ul>
<br />
<p><em>Note:</em> This description focuses on origin, cultivation timelines, processing, and quality controls only, and does not make medical or therapeutic claims.</p>
","<p><strong>Green Maeng Da</strong> is a popular “green vein” kratom powder name in the botanical trade. “Maeng Da” is often described as a Thai-origin trade term associated with premium-style leaf selection and strict lot consistency, while most modern supply is typically sourced from Indonesia’s equatorial growing regions (notably Kalimantan/Borneo and Sumatra).<br /><br />
Batches are sourced through established farm-and-collector networks with mature-leaf selection, careful handling, and controlled drying designed to help maintain a greener appearance and a stable alkaloid spectrum. Kratom trees (Mitragyna speciosa) commonly require <strong>3–5 years</strong> of cultivation before dependable harvesting is practical.<br /><br />
After harvest, leaves are inspected, cleaned, dried, milled, and <strong>microground</strong> to a uniform powder, then passed through supervisor-led contaminant filtration plus heavy metals and microbial testing. <strong>Not intended for human consumption.</strong></p>
",GMD,variable,GMD,,taxable,,1,,"olive-yellow green #7A8A3A — Visually verified: yellowish olive-green, slightly more yellow than other greens.",,,,0.23,Regular
Green Maeng Da - 25g,Green Vein Kratom,,,GMD25,variation,GMD,,taxable,parent,1,,,,,,,
Green Maeng Da - 50g,Green Vein Kratom,,,GMD50,variation,GMD,,taxable,parent,1,,,,,,,
Green Maeng Da - 100g,Green Vein Kratom,,,GMD100,variation,GMD,,taxable,parent,1,,,,,,,
Green Maeng Da - 250g,Green Vein Kratom,,,GMD250,variation,GMD,,taxable,parent,1,,,,,,,
Green Maeng Da - 500g,Green Vein Kratom,,,GMD500,variation,GMD,,taxable,parent,1,,,,,,,
Green Malay,Green Vein Kratom,"<p><strong>'Green Malay Kratom Powder' Product Details (Q&amp;A)</strong></p>
<ul>
  <li>
    <p><strong>Q: What is Green Malay?</strong><br />
    <strong>A:</strong> Green Malay is a kratom powder name used in the botanical marketplace. “Green” refers to a green-vein style profile influenced by leaf maturity and drying approach, and “Malay” points to Malaysian growing heritage and regional sourcing traditions.</p>
  </li>

  <li>
    <p><strong>Q: How are the strains sourced?</strong><br />
    <strong>A:</strong> Lots are sourced through established farm-and-collector networks that prioritize mature-leaf selection, clean handling, and lot separation. Harvests are kept distinct by season and processing style to support consistent color, texture, and alkaloid-spectrum uniformity.</p>
  </li>

  <li>
    <p><strong>Q: Where is it grown?</strong><br />
    <strong>A:</strong> Green Malay is commonly associated with <strong>northern Peninsular Malaysia</strong> and <strong>Borneo</strong> (including Malaysian Borneo), where kratom naturally favors <strong>riverine, wetland, and swamp-adjacent</strong> environments. These humid tropical zones provide warm temperatures, frequent rainfall, and water-influenced soils that support vigorous evergreen leaf growth.</p>
  </li>

  <li>
    <p><strong>Q: What makes this strain unique?</strong><br />
    <strong>A:</strong> Green Malay is often characterized by a <strong>green-forward appearance</strong> and a typically steady, carefully managed <strong>alkaloid spectrum</strong>, supported by mature-leaf selection and controlled drying designed to preserve color and consistency. (No therapeutic or medical claims are made.)</p>
  </li>

  <li>
    <p><strong>Q: How long does it take to cultivate Thai kratom trees?</strong><br />
    <strong>A:</strong> As a practical benchmark across Southeast Asian cultivation conditions (including Thailand), Mitragyna speciosa often needs about <strong>2–3 years</strong> before initial harvesting becomes realistic, and commonly <strong>3–5 years</strong> for dependable, repeatable harvest cycles depending on climate, soil, and care.</p>
  </li>

  <li>
    <p><strong>Q: What is the after-harvesting process?</strong><br />
    <strong>A:</strong> Leaves are collected and inspected, then cleaned to remove field debris. They are dried under controlled conditions (often emphasizing airflow and reduced direct sun exposure for green-style batches), then milled and sifted. The powder is then prepared for final filtration, verification, and packaging steps.</p>
  </li>

  <li>
    <p><strong>Q: How long does it take to cultivate Thai kratom trees?</strong><br />
    <strong>A:</strong> For stable production planning, many growers use <strong>3–5 years</strong> as the window for trees to reach a reliable harvest rhythm, with ongoing pruning and seasonal cycles influencing leaf yield and consistency.</p>
  </li>

  <li>
    <p><strong>Q: Microgrinding Process</strong><br />
    <strong>A:</strong> After primary milling, the dried leaf material is <strong>microground</strong> to a fine, uniform powder for consistent texture and more even batch blending.</p>
  </li>

  <li>
    <p><strong>Q: Contaminant Filtration</strong><br />
    <strong>A:</strong> The finished powder goes through a thorough, <strong>supervisor-led contaminant filtration</strong> process intended to remove unwanted foreign material and help ensure a clean, uniform final output.</p>
  </li>

  <li>
    <p><strong>Q: Heavy Metals Testing</strong><br />
    <strong>A:</strong> Each batch goes through a thorough <strong>heavy metals testing</strong> stage as part of quality verification prior to release.</p>
  </li>

  <li>
    <p><strong>Q: Microbial Testing</strong><br />
    <strong>A:</strong> Each batch goes through a thorough <strong>microbial testing</strong> stage to verify it meets internal quality standards.</p>
  </li>

  <li>
    <p><strong>Q: Is the product intended for human consumption?</strong><br />
    <strong>A:</strong> <strong>No.</strong> This product is <strong>not intended for human consumption</strong>. It is sold for botanical reference, educational, or research purposes only. Keep out of reach of children and pets.</p>
  </li>
</ul>
<br />
<p><em>Note:</em> This description focuses on origin, cultivation timelines, processing, and quality controls only, and does not make medical or therapeutic claims.</p>
","<p><strong>Green Malay</strong> is a well-known “green vein” kratom powder name associated with Malaysian growing heritage, especially tropical lowland areas of <strong>northern Peninsular Malaysia</strong> and <strong>Borneo</strong>, where Mitragyna speciosa naturally thrives near riverbanks, wetlands, and swampy ground.<br /><br />
Our Green Malay lots are sourced through established farm-and-collector networks that prioritize mature-leaf selection, careful handling, and batch traceability. What makes Green Malay unique is its greener, clean-looking appearance and a typically steady alkaloid spectrum supported by controlled drying that helps preserve color and consistency (no therapeutic or medical claims). Cultivation commonly requires about <strong>2–3 years</strong> before initial harvesting is practical, and often <strong>3–5 years</strong> for dependable, repeatable harvest cycles.<br /><br />
After harvest, leaves are inspected, cleaned, dried, milled, and <strong>microground</strong> to uniform fineness, then passed through supervisor-led contaminant filtration plus heavy metals and microbial testing. <strong>Not intended for human consumption.</strong></p>
",GM,variable,GM,,taxable,,1,,"bright moss green #5A7830 — Visually verified: the brightest, most vivid green of the three — true moss green.",,,,0.23,Regular
Green Malay - 25g,Green Vein Kratom,,,GM25,variation,GM,,taxable,parent,1,,,,,,,
Green Malay - 50g,Green Vein Kratom,,,GM50,variation,GM,,taxable,parent,1,,,,,,,
Green Malay - 100g,Green Vein Kratom,,,GM100,variation,GM,,taxable,parent,1,,,,,,,
Green Malay - 250g,Green Vein Kratom,,,GM250,variation,GM,,taxable,parent,1,,,,,,,
Green Malay - 500g,Green Vein Kratom,,,GM500,variation,GM,,taxable,parent,1,,,,,,,
Green Hulu / Green Kapuas,Green Vein Kratom,"<p><strong>'Green Hulu / Green Kapuas Kratom Powder' Product Details (Q&amp;A)</strong></p>
<ul>
  <li>
    <p><strong>Q: What is Green Hulu / Green Kapuas?</strong><br />
    <strong>A:</strong> Green Hulu / Green Kapuas is a kratom powder name linked to Indonesia’s Kapuas River region. “Hulu” refers to the <strong>upstream</strong> area, “Kapuas” references the river basin, and “Green” indicates a green-style profile influenced by leaf maturity and drying choices.</p>
  </li>

  <li>
    <p><strong>Q: How are the strains sourced?</strong><br />
    <strong>A:</strong> Lots are sourced through regional farms and collector networks that prioritize mature-leaf selection, clean handling, and lot separation. Harvests are grouped by season and processing style to support consistent color, texture, and alkaloid-spectrum uniformity from batch to batch.</p>
  </li>

  <li>
    <p><strong>Q: Where is it grown?</strong><br />
    <strong>A:</strong> This variety is commonly associated with <strong>Kapuas Hulu</strong> in <strong>West Kalimantan</strong> (Indonesian Borneo), located around the <strong>upper drainage</strong> of the Kapuas River. The surrounding landscape is strongly shaped by river systems, high humidity, and rainforest conditions that support vigorous evergreen growth.</p>
  </li>

  <li>
    <p><strong>Q: What makes this strain unique?</strong><br />
    <strong>A:</strong> Its uniqueness comes from <strong>upper Kapuas (Hulu) regional identity</strong> combined with controlled post-harvest handling designed to preserve a cleaner green appearance and a <strong>steady, well-managed alkaloid spectrum</strong> through mature-leaf grading and consistent drying. (No therapeutic or medical claims are made.)</p>
  </li>

  <li>
    <p><strong>Q: How long does it take to cultivate Thai kratom trees?</strong><br />
    <strong>A:</strong> Under suitable tropical conditions, Mitragyna speciosa commonly needs about <strong>2–3 years</strong> before initial harvesting becomes practical. Many growers consider <strong>3–5 years</strong> a more dependable window for consistent, repeat harvest cycles, depending on climate, soil, and care.</p>
  </li>

  <li>
    <p><strong>Q: What is the after-harvesting process?</strong><br />
    <strong>A:</strong> Leaves are collected and inspected, then cleaned to remove field debris. For green-style batches, drying often emphasizes <strong>airflow and reduced direct sun exposure</strong> to help maintain greener color and stable moisture. Dried leaf material is then milled, sifted, and prepared for final filtration and verification steps.</p>
  </li>

  <li>
    <p><strong>Q: How long does it take to cultivate Thai kratom trees?</strong><br />
    <strong>A:</strong> As a stable production benchmark, expect roughly <strong>3–5 years</strong> for trees to reach a reliable harvest rhythm, supported by ongoing care, pruning, and seasonal growth cycles.</p>
  </li>

  <li>
    <p><strong>Q: Microgrinding Process</strong><br />
    <strong>A:</strong> After primary milling, the dried leaf material is <strong>microground</strong> to achieve a fine, uniform powder. This supports consistent texture and more even blending across the batch.</p>
  </li>

  <li>
    <p><strong>Q: Contaminant Filtration</strong><br />
    <strong>A:</strong> The finished powder goes through a thorough, <strong>supervisor-led contaminant filtration</strong> process intended to remove unwanted foreign material and help ensure a clean, uniform final output.</p>
  </li>

  <li>
    <p><strong>Q: Heavy Metals Testing</strong><br />
    <strong>A:</strong> Each batch goes through a thorough <strong>heavy metals testing</strong> stage as part of quality verification prior to release.</p>
  </li>

  <li>
    <p><strong>Q: Microbial Testing</strong><br />
    <strong>A:</strong> Each batch goes through a thorough <strong>microbial testing</strong> stage to verify it meets internal quality standards.</p>
  </li>

  <li>
    <p><strong>Q: Is the product intended for human consumption?</strong><br />
    <strong>A:</strong> <strong>No.</strong> This product is <strong>not intended for human consumption</strong>. It is sold for botanical reference, educational, or research purposes only. Keep out of reach of children and pets.</p>
  </li>
</ul>
<br />
<p><em>Note:</em> This description focuses on origin, cultivation timelines, processing, and quality controls only, and does not make medical or therapeutic claims.</p>
","<p><strong>Green Hulu / Green Kapuas</strong> is a regional “green vein” kratom powder name associated with Indonesia’s <strong>Kapuas River basin</strong>, especially the upstream <strong>Kapuas Hulu</strong> area of <strong>West Kalimantan (Indonesian Borneo)</strong>. This humid rainforest river region supports dense evergreen growth and consistent leaf development.<br /><br />
Our lots are sourced through established farm-and-collector networks with mature-leaf selection, clean handling, and batch traceability. What makes Green Hulu / Green Kapuas unique is its origin-specific identity (upper Kapuas sourcing) paired with controlled drying that helps preserve a greener look and a steady, well-managed alkaloid spectrum (no medical or therapeutic claims). Kratom trees commonly need <strong>2–3 years</strong> before initial harvesting, and often <strong>3–5 years</strong> for dependable repeat harvest cycles.<br /><br />
After harvest, material is inspected, cleaned, dried, milled, microground, filtered, and verified via contaminant filtration plus heavy metals and microbial testing. <strong>Not intended for human consumption.</strong></p>
",GH,variable,GH,,taxable,,1,,"muted grey-green #7A8858 — Visually verified: more muted/khaki than other greens — slightly grey-green, lighter tone.",,,,0.23,Regular
Green Hulu / Green Kapuas - 25g,Green Vein Kratom,,,GH25,variation,GH,,taxable,parent,1,,,,,,,
Green Hulu / Green Kapuas - 50g,Green Vein Kratom,,,GH50,variation,GH,,taxable,parent,1,,,,,,,
Green Hulu / Green Kapuas - 100g,Green Vein Kratom,,,GH100,variation,GH,,taxable,parent,1,,,,,,,
Green Hulu / Green Kapuas - 250g,Green Vein Kratom,,,GH250,variation,GH,,taxable,parent,1,,,,,,,
Green Hulu / Green Kapuas - 500g,Green Vein Kratom,,,GH500,variation,GH,,taxable,parent,1,,,,,,,
,,,,,,,,,,,,,,,,,
,,,,,,,,,,,,,,,,,
